"id";"firstName";"lastName";"email";"phone";"address";"city";"state";"zip"
"e71010a0-57d4-458b-83a7-8ae4259754b3";"Michelle";"Weber";"Jada_Stanton@gmail.com";"451.430.5247";"1065 Ernesto Common";"Port Lelah";"New Mexico";"88536"
"2db426f9-7a54-4d2c-b3d1-a82e2cbc4ce9";"Cullen";"Kuphal";"Bridget_Ondricka@yahoo.com";"1-295-787-3008";"900 King's Road";"West Polly";"Alabama";"54768"
"19f99758-1f8d-4f95-982a-f709869a3c2f";"Ryley";"Witting";"Armand37@gmail.com";"252.740.8093 x970";"271 Macejkovic Harbor";"Utica";"Nebraska";"99836-2610"
"79eaf1b2-83d5-4cea-bec4-39644c9b9217";"Allie";"Williamson";"Polly.Kub@yahoo.com";"927-464-0114 x986";"5352 W 5th Street";"Raynorfurt";"Indiana";"37955"
"ce979c9d-2c42-4bff-b687-e44621481bba";"Lorenz";"Ebert";"Amanda7@hotmail.com";"(295) 835-4029 x75647";"887 Leland Union";"Wunschcester";"New Mexico";"04882-2970"
"d08d9134-0223-4940-b828-55e5eb652966";"Joannie";"Hintz";"Karlie_Hagenes@hotmail.com";"1-772-761-5008 x918";"81363 Highfield Road";"North Columbuscester";"Rhode Island";"76009-5325"
"c5d6e35b-f864-4f54-a76b-daa8095f6bb8";"Maria";"Collins";"Sydney_Ondricka@hotmail.com";"(865) 827-6055 x498";"95230 Laury Viaduct";"Josefort";"Tennessee";"66607-9896"
"163872da-76c6-42cd-99e7-cb2cfa83d9fa";"Julius";"Carter";"Clementine.Hahn60@hotmail.com";"288-865-8042 x1749";"8838 Owen Ridge";"Grayceside";"Indiana";"30276-7420"
"f33868b9-3314-4435-bc81-33bf371b994c";"Noemi";"Kovacek-Stoltenberg";"Brooke_Heathcote@hotmail.com";"1-647-288-5975 x65500";"814 Paucek Mission";"Lake Kellie";"Oklahoma";"63399-5734"
"35869237-9761-4568-b73c-bb545920f140";"Katlyn";"Klocko";"Katelin_Lakin20@hotmail.com";"(282) 361-3835 x31312";"9355 Broad Lane";"Port Gisselle";"Louisiana";"72786"
